idx,contract_date,contract_number,contract_status,booker_name,artist_name,local_event_details,gig_date,type,currency,cache_value,cache_artist,catering,logistics,hotel,VENC 1,VALOR,VENC 2,VALOR,VENC 3,VALOR,artist_payment,nfs_number,agency_commission_value,booker_commission_value
1,30/11/2024,-,-,CORAL,BIGFETT,Zamna Festival Laroc Club,09/11/2024,colocado,,2500,2500,,,,05/11/2024,2500,,,,,2000,19,500,
2,30/11/2024,-,-,SCOOB,BIGFETT,Warung Tour  @ Clube Náutico Araraquara,23/11/2024,,,1600,1500,100,,,21/11/2024,1500,,,,,1300,20,300,75
3,08/11/2024,PLA/C24-000052,enviado,KLAH,BIGFETT,Festvibes @ Caruaru - PE,30/11/2024,,,2600,2500,100,,,16/09/2024,500,07/11/2024,500,02/12/2024,1600.00,2100,21,500,125
4,30/11/2024,-,-,BONET,MISS NATÁLIA,"TETTO RoofTop / Balneário Camboriú - SC ",20/12/2024,Colocado,,1000,1000,,,,03/04/2025,1000,,,,,800,31,200,50
5,30/11/2024,-,-,CORAL,NERY,Universo Paralello,29/12/2024,,,1000,1000,,,,09/05/2025,1000,,,,,800,8,200,
6,23/10/2024,PLA/C24-000034 ,enviado,KLAH,BIGFETT,Duna Sunset. São Luis. MA. BR,31/12/2024,,,2300,2200,100,,,22/10/2024,444.44,21/12/2024,1855.56,,,1860,22,440,110
7,04/11/2024,PLA/C24-000051,assinado,CORAL,MARY MESK,Reveillon Carneiros,02/01/2025,,,7000,7000,,,,03/11/2024,7000,,,,,6600,39,400,
8,30/01/2025,-,-,BONET,MOSER,POSH Club / Floriánopolis - SC,03/01/2025,,,1000,1000,,,,09/01/2025,1000,,,,,800,20,200,50
9,30/01/2025,-,-,CORAL ,DEEFT,Laroc Club Guarujá,04/01/2025,,,1500,1400,100,,,07/01/2024,1500,,,,,1220,14,280,
10,30/01/2025,-,-,BONET,SCHILLIST,PORCADA SUMMER / Laguna - SC,04/01/2025,colocado,,1200,1200,,,,07/01/2025,1200,,,,,960,97,240,60
11,30/01/2025,-,-,BONET,MOSER,SAFARI BEACH CLUB / Floriánopolis - SC,04/01/2025,colocado,,1000,1000,,,,09/01/2025,1000,,,,,800,22,200,50
12,30/01/2025,-,-,BONET,MOSER,POSH Club / Floriánopolis - SC,04/01/2025,,,1000,1000,,,,09/01/2025,1000,,,,,800,24,200,50
13,30/01/2025,-,-,BONET,MOSER,Senhorita. Florianópolis. SC,08/01/2025,,,800,800,,,,29/01/2025,800,,,,,640,27,160,40
14,23/10/2024,PLA/C24-000040 ,ENVIADO,KLAH,GREG, Sixx House @ Sixx House. São José. SC,10/01/2025,,,1100,1000,100,,,21/10/2024,200,09/01/2025,900,,,900,21,200,50
15,05/12/2024,PLA/C24-000069,enviado,SCOOB,NICOLAU MARINHO,Rendezvous @ Nicolau Marinho @ Crema Club,10/01/2025,,,3000,3000,,,,10/01/2025,3000,,,,,2400,35 / 36,600,150
16,16/12/2024,PLA/C24-000074,enviado,SCOOB,CAROL FÁVERO,VERNISSAGE GALLERY CLUB. Goiânia,10/01/2025,,,3100,3000,100,,,02/01/2025,1500,05/01/2025,1600,,,1572.71,1210,600,150
17,30/01/2025,-,-,BONET,MOSER, SAFARI BEACH CLUB / Floriánopolis - SC,11/01/2025,,,1000,1000,,,,05/02/2025,1000,,,,,800,28,200,50
18,30/01/2025,-,-,BONET,MISS NATÁLIA,TEORA Beach Club / Praia do Rosa - SC,11/01/2025,,,1400,1000,,400,,30/01/2025,1000,,,,,800,39,200,50
19,27/12/2024,PLA/C24-000080,assinado,KLAH,CAROL FÁVERO,DREAMS PIPA - Tibau do Sul. RN,11/01/2025,,,3200,3000,200,,,13/01/2025,3000,17/01/2025,200,,,2400,1211,600,150
20,30/01/2025,-,-,KLAH,GREG,Club Vibe @ Curitiba. PR ,11/01/2025,,,2100,2000,100,,,26/12/2024,1100,08/01/2025,1000,,,1700,22,400,100
21,07/12/2024,USD/C24-000006,enviado,CORAL,MARY MESK,Zamna Tulum @ Carretera Tulum-Boca Paila,12/01/2025,,USD,0,,,,,,,,,,,0,-,0,
22,30/01/2025,,assinado,BONET,KVSH,SKYFALL Gastrobar. Chapecó. SC,17/01/2025,EXTRAS,,41200,40000,1200,,,29/01/2025,4000,,,,,0,-,4000,1000
23,30/01/2025,-,-,BONET,MOSER,POSH CLUB / Floriánopolis - SC,17/01/2025,,,2000,1000,,,,23/01/2025,1000,,,,,800,29,100,50
24,16/01/2025,PLA/C25-000015,enviado,SCOOB,SCHILLIST,REDLIGHTS @ BLUE. Porto Alegre. RS,18/01/2025,,,2000,1000,,1000,,20/02/2025,2000,,,,,800,99,100,50
25,30/01/2025,-,-,SCOOB,DEEFT,House Station @ Estação 80. Maua. SP. ,18/01/2025,,,1500,1000,,500,,27/12/2024,500,17/01/2025,1000,,,800,15,100,50
26,30/01/2025,-,-,CORAL,BIGFETT,Ame Club Valinhos. SP,18/01/2025,,,2600,2500,100,,,20/01/2025,2600,,,,,2100,23 / 24,250,
27,30/01/2025,-,-,CORAL,MISS NATÁLIA,Laroc Club Guarujá,18/01/2025,,,1000,1000,,,,20/01/2025,1000,,,,,800,38,100,
28,30/01/2025,-,-,CORAL,MOSER,Laroc Club Guarujá,18/01/2025,,,1000,1000,,,,20/01/2025,1000,,,,,800,30,100,
29,15/01/2025,PLA/C25-000013,enviado,KLAH,TALBOT,Adoro Frozen Sunset @ Estrada do Joá. Rio de Janeiro. RJ,18/01/2025,Colocado,,2000,2000,,48.84,,20/01/2025,2000,,,,,1600,107,200,100
30,30/01/2025,-,-,KLAH,NICOLAU MARINHO,After Low Game @ Fazenda Maryland. Taquara. RJ,19/01/2025,Colocado,,2000,2000,,,,20/01/2025,2000,,,,,1600,37,200,100
31,06/01/2025,PLA/C25-000001,assinado,KLAH,MARIZ,MAGNOLIA BAR LTDA. Uberaba. MG,24/01/2025,colocado,,1200,780.3,,257.05,162.65,22/01/2025,1200,,,,,660.39,8,156.06,39.02
32,23/10/2024,PLA/C24-000038,assinado,KLAH,MARIZ,Oceanground @ Uberlândia @ Haja Glória,25/01/2025,Colocado,,1500,1021.12,,312.8,166.08,25/11/2024,600,21/12/2024,600,08/01/2025,300.00,895.47,9,204.22,51.06
33,26/12/2024,PLA/C24-000077,enviado,KLAH,CAROL FÁVERO,D-Edge - São Paulo. SP,25/01/2025,,,2500,2500,,,,27/01/2025,2500,,,,,2000,1219,500,125
34,30/01/2025,-,-,CORAL,GREG,ANTS - Laroc Club. Valinhos. SP,25/01/2025,,,1100,1000,100,,,29/01/2025,1100,,,,,800,23,200,0
35,13/01/2025,PLA/C25-000012,enviado,SCOOB,NICOLAU MARINHO,Base - São Paulo - Sp,25/01/2025,,,4500,2692.65,,1548,259.35,22/01/2025,2652,22/01/2025,700,,,2154.12,38,538.53,134.63
36,30/01/2025,-,-,KLAH,TALBOT,BC @ São Paulo (% da agencia),29/01/2025,,,2500,1553.71,,946.29,,11/02/2025,310.74,,,,,-,-,310.74,77.69
37,30/01/2025,-,-,BONET,MOSER,POSH CLUB / Florianopolis - SC,31/01/2025,,,1000,1000,,,,13/02/2025,1000,,,,,800,32,200,50
38,28/02/2025,-,-,BONET,MOSER,HEAVEN Jurerê / Florianópolis - SC,01/02/2025,,,800,800,,,,18/02/2025,800,,,,,640,33,160,40
39,28/02/2025,-,assinado,SCOOB,KVSH,Privilège Juiz de Fora,01/02/2025,,,50000,50000,,,,11/02/2025,5000,,,,,0,-,5000,1250
40,17/01/2025,PLA/C25-000016,enviado,SCOOB,BIGFETT,Flow Exp @ Malca Club. Natal. RN,01/02/2025,,,2500,2178.58,,321.42,,28/01/2025,2500,,,,,1742.86,25,435.72,108.93
41,13/01/2025,PLA/C25-000011,assinado,SCOOB,SOUTH BIRDS ,RW CLUB - Curitiba. PR,01/02/2025,,,4200,4000,200,,,04/02/2025,4200,,,,,3200,40,800,200
42,28/02/2025,-,-,BONET,MOSER,FISH and CO / Floriánopolis - SC,06/02/2025,,,500,500,,,,17/03/2025,500,,,,,400,36,100,25
43,30/01/2025,PLA/C25-000032,assinado,CORAL,BIGFETT,Horizon @ Sky Lounge | JP. João Pessoa. PB,07/02/2025,,,2100,2000,100,,,03/02/2025,2000,04/02/2025,100,,,1600,26,400,
44,28/02/2025,,,BONET,MOSER,POSH CLUB / Floriánopolis - SC,07/02/2025,,,1000,1000,,,,06/03/2025,1000,,,,,800,37,200,50
45,08/11/2024,PLA/C24-000055,enviado,KLAH,GREG,Cat Fire @ Green House @ Ararangua/SC,08/02/2025,,,2100,2000,100,,,28/11/2024,400,06/02/2025,1700,,,1600,24,400,100
46,03/12/2024,PLA/C24-000065,enviado,SCOOB,MARY MESK, INNERSOUNDS @ MARY MESK @ Espaço Cave,08/02/2025,,,4500,4500,,,,14/01/2025,900,04/02/2025,3600,,,3600,41,900,225
47,16/12/2024,PLA/C24-000072,enviado,SCOOB,DEEFT,Escobaile @ Estrada do Banho Turco,08/02/2025,,,1800,1500,,300,,08/01/2025,300,06/02/2025,1500,,,1200,17,300,75
48,16/12/2024,PLA/C24-000073,enviado,SCOOB,CAROL FÁVERO,Escobaile @ Estrada do Banho Turco,08/02/2025,,,5200,4100,100,1000,,08/01/2025,820,06/02/2025,4380,,,3280,1238,820,205
49,09/01/2025,PLA/C25-000008,assinado,SCOOB,RAGIE BAN,Hot in Groove @  Canarim Hall. Bauru. SP,08/02/2025,,,1500,1500,,,,31/01/2025,1500,,,,,1200,16,300,75
50,26/12/2024,PLA/C24-000078,enviado,CORAL,SILVER PANDA,Amici Club - Sorocaba - Sorocaba. SP,14/02/2025,,,8000,5183.54,,2816.46,,13/02/2025,8000,,,,,4146.83,3,1036.71,
51,29/11/2024,PLA/C24-000064,assinado,CORAL,SILVER PANDA,ERROR Label,15/02/2025,,,15300,12183.54,300,2816.46,,05/12/2024,3000,14/01/2025,4500,03/02/2025,7800.00,9746.83,4,2436.71,
52,09/01/2025,PLA/C25-000007,enviado,SCOOB,NICOLAU MARINHO,Tech day art  @ galeria bar. Londrina. PR,15/02/2025,,,3700,3490,100,110,,04/02/2025,1850,13/02/2025,900,14/02/2025,950.00,2792,41,698,174.5
53,28/02/2025,-,-,BONET,MISS NATÁLIA,HEAVEN Jurerê / Florianópolis - SP,15/02/2025,,,1200,1200,,,,27/02/2025,1000,05/03/2025,200,,,960,41,240,60
54,28/02/2025,-,-,BONET,MOSER,Safari Beach. Florianópolis. SC. BR,15/02/2025,,,1000,1000,,,,20/02/2025,1000,,,,,800,38,200,50
55,22/01/2025,PLA/C25-000023,assinado,KLAH,BIGFETT,Esquenta Bloco Let's Dance @ Eleven Rooftop. Belo Horizonte. MG,15/02/2025,,,2750,2600,150,,,23/01/2025,520,12/02/2025,2230,,,2080,27,520,130
56,05/02/2025,PLA/C25-000036,assinado,KLAH,TALBOT,FUNN SUMMER @ Espaço de Eventos Clube ASES DF. Brasília. DF,15/02/2025,colocado,,5100,3564.02,100,376.27,1059.71,07/02/2025,2000,12/02/2025,3100,,,2851.22,1,712.8,178.2
57,10/02/2025,PLA/C25-000043,assinado,KLAH,CAROL SEUBERT,Boteco Tijuca. Mogi Guaçu. SP,15/02/2025,colocado,,2500,1300,500,700,,12/02/2025,2500,,,,,1040,25,260,65
58,28/02/2025,-,-,BONET,MOSER,Senhorita. Florianópolis. SC,19/02/2025,,,800,800,,,,17/03/2025,800,,,,,640,35,160,40
59,08/01/2025,PLA/C25-000006,assinado,JORDO,CAROL FÁVERO,FUNN SUMMER,22/02/2025,extra,,4000,4000,,,,16/01/2025,2000,15/02/2025,2000,,,3200,1250,800,200
60,17/01/2025,PLA/C25-000017,assinado,SCOOB,NICOLAU MARINHO,ANTI-DOPE @  GETÚLIO VARGAS. RS,22/02/2025,,,3100,3000,100,,,26/02/2025,3100,,,,,2400,42,600,150
61,07/02/2025,PLA/C25-000040,expirado,SCOOB,CAROL SEUBERT,La Luna @ Casa Novva. São Paulo. SP,22/02/2025,,,1500,1350,,150,,26/02/2025,1500,,,,,1080,26,270,67.5
62,07/02/2025,PLA/C25-000041,expirado,SCOOB,CAROL SEUBERT,AIR DANCE @ Heliponto Vistamar Office. Santos. SP,22/02/2025,,,2000,1500,,500,,20/02/2025,2000,,,,,1200,27,300,75
63,28/02/2025,-,-,BONET,MOSER,Senhorita. Florianópolis. SC. BR,22/02/2025,,,800,800,,,,17/03/2025,800,,,,,640,34,160,40
64,28/02/2025,-,-,CORAL,PITHMAN,Brahma Valley @ FV Entretenimento Ltda. Valinhos. SP.,22/02/2025,,,1100,1000,100,,,25/02/2025,1100,,,,,800,6,200,
65,24/01/2025,,assinado,JORDO,KVSH,FUNN SUMMER,22/02/2025,,,81200,80000,1200,,,25/02/2025,8000,,,,,0,-,8000,2000
66,28/02/2025,-,-,KLAH,MISS NATÁLIA,Connect @ Bless Eventos Joinville. Joinville. SC,22/02/2025,Colocado,,2300,2000,,300,,24/02/2025,2300,,,,,1600,42,400,100
67,06/02/2025,PLA/C25-000038,assinado,CORAL,FANCY INC,TAYUS. Sorocaba. SP,28/02/2025,,,15100,15000,100,,,13/02/2025,3000,28/02/2025,12100,,,12000,51,3000,
68,16/12/2024,PLA/C24-000075,assinado,KLAH,DOT,Adoro Frozen Carnival Party @ TBC,01/03/2025,colocado,,2500,2317,100,83,,24/02/2025,1250,24/02/2025,1250,,,1853.6,22,463.4,115.85
69,16/12/2024,PLA/C24-000076,assinado,KLAH,CAROL FÁVERO,Taturana Festival @ Une Bauru,01/03/2025,colocado,,4800,4000,200,600,,27/01/2025,500,28/02/2025,4300,,,3200,1262,800,200
70,30/03/2025,-,-,CORAL,TALBOT,Laroc Club Guarujá. Guarujá. SP,01/03/2025,,,1600,1500,100,,,06/03/2025,1600,,,,,1200,2 / 111,300,
71,30/03/2025,-,-,CORAL,MARIZ,Ame Laroc Festival ,01/03/2025,,,1100,1000,100,,,06/03/2025,1100,,,,,800,10,200,
72,30/03/2025,-,-,CORAL,SOUTH BIRDS ,Ame Laroc Festival ,01/03/2025,,,3200,3000,200,,,06/03/2025,3200,,,,,2400,43,600,
73,30/03/2025,-,-,CORAL,BRUNO MARTINI,Laroc Club Guarujá. Guarujá. SP,01/03/2025,,,10000,10000,,,,02/04/2025,10000,,,,,8000,527,2000,
74,30/03/2025,-,-,BONET,MOSER,Passarela Nego Quirido. Florianópolis. SC,01/03/2025,,,700,700,,,,12/03/2025,700,,,,,560,39,140,35
75,30/03/2025,-,-,BONET,MOSER,SAFARI JURERÊ / Floriánopolis - SC,01/03/2025,,,1000,1000,,,,06/03/2025,1000,,,,,800,40,200,50
76,24/02/2025,PLA/C25-000062,expirado,KLAH,NICOLAU MARINHO,Mirroah Deck. Rio de Janeiro. RJ,01/03/2025,Colocado,,1200,1200,,,,27/02/2025,1200,,,,,960,43,240,60
77,17/01/2025,PLA/C25-000020,assinado,KLAH,CAROL FÁVERO,Inspiration @ Rust Music Bar. Belo Horizonte. MG,02/03/2025,,,3200,3000,200,,,23/01/2025,600,19/02/2025,2600,,,2400,1263,600,150
78,30/03/2025,-,-,CORAL,BIGFETT,Ame Laroc Festival ,02/03/2025,,,2600,2500,100,,,06/03/2025,2600,,,,,2000,28,500,
79,30/03/2025,-,-,CORAL,DOT,Ame Laroc Festival ,02/03/2025,,,1100,1000,100,,,06/03/2025,1100,,,,,800,23,200,
80,30/03/2025,-,-,BONET,MOSER,POSH CLUB / Floriánopolis - SC,02/03/2025,,,1000,1000,,,,06/02/2025,1000,,,,,800,41,200,50
81,30/03/2025,-,-,BONET,MOSER,SAFARI JURERÊ / Floriánopolis - SC,02/03/2025,,,1000,1000,,,,06/03/2025,1000,,,,,800,42,200,50
82,30/01/2025,PLA/C25-000031,assinado,CORAL,RAGIE BAN,Music & Me @ Gramadinho After club. Brasília. DF,03/03/2025,,,4600,4500,100,,,30/01/2025,2200,28/02/2025,2400,,,3600,17,900,
83,30/03/2025,-,-,CORAL,DEEFT,Ame Laroc Festival ,03/03/2025,,,1100,1000,100,,,06/03/2025,1100,,,,,800,18,200,
84,30/03/2025,,,CORAL,SCORZ,Ame Laroc Festival ,03/03/2025,,,3100,3000,100,,,06/03/2025,3100,,,,,2400,9,600,
85,30/03/2025,-,-,CORAL,CAROL FÁVERO,Ame Laroc Festival ,03/03/2025,,,3100,3000,100,,,06/03/2025,3100,,,,,2400,1264,600,
86,30/03/2025,-,-,CORAL,NERY,Ame Laroc Festival ,03/03/2025,,,1100,1000,100,,,06/03/2025,1100,,,,,800,9,200,
87,30/03/2025,-,-,CORAL,NICOLAU MARINHO,Laroc Club Guarujá. Guarujá. SP,03/03/2025,,,2600,2500,100,,,06/03/2025,2600,,,,,2000,43,500,
88,30/03/2025,-,-,CORAL,SCHILLIST,Ame Laroc Festival ,03/03/2025,,,1100,1000,100,,,06/03/2025,1100,,,,,800,101,200,
89,30/03/2025,-,-,CORAL,MARY MESK,SOM FESTIVAL @ BAHIA. BA,03/03/2025,,,3000,3000,,,,26/03/2025,1000,01/04/2025,2000,,,2400,43,600,
90,30/03/2025,-,-,CORAL,BRUNO MARTINI,Ame Laroc Festival ,03/03/2025,,,10000,10000,,,,27/03/2025,10000,,,,,8000,528,2000,
91,30/03/2025,-,-,BONET,MOSER, SAFARI JURERÊ / Floriánopolis - SC,03/03/2025,,,1000,1000,,,,22/04/2025,1000,,,,,800,43,200,50
92,30/03/2025,-,-,BONET,MOSER,POSH CLUB / Floriánopolis - SC,03/03/2025,,,1000,1000,,,,15/04/2025,1000,,,,,800,44,200,50
93,30/03/2025,-,-,BONET,MOSER, SAFARI JURERÊ / Floriánopolis - SC,04/03/2025,,,1000,1000,,,,11/03/2025,1000,,,,,800,45,200,50
94,30/03/2025,-,-,SCOOB,TALBOT,Pato Com Laranja @ Rio de Janeiro. RJ,06/03/2025,,,1828,1828,,,,13/03/2025,365.6,,,,,0,-,365.6,91.4
95,30/03/2025,-,-,CORAL,MARY MESK,Água Viva / Favela Art Car - RJ,07/03/2025,,,4000,4000,,,,14/03/2025,4000,,,,,3200,42,800,
96,05/03/2025,PLA/C25-000067,assinado,VICTOR HUGO,BINARYH,Taberna - Maresias - SP,08/03/2025,,,3500,3500,,,,05/03/2025,3500,,,,,2800,43,700,175
97,17/02/2025,PLA/C25-000055,assinado,KLAH,NICOLAU MARINHO,AMNNESIA @ No Meu Quintal Eventos. São Paulo. S,08/03/2025,colocado,,5000,4141.15,100,758.85,,14/02/2025,1500,07/03/2025,3500,,,3312.92,44,828.23,207.06
98,30/03/2025,-,-,BONET,MISS NATÁLIA,TREZZE ROOFTOP / Blumenau - SC,13/03/2025,colocado,,2200,2000,,200,,19/03/2025,2200,,,,,1600,45,400,100
99,24/01/2025,,assinado,BONET,KVSH,BIELLE CLUB - CASCAVEL - PR (remarcação 17/01 Skyfall),14/03/2025,,,,,,,,,,,,,,0,-,0,0
100,17/02/2025,PLA/C25-000054,enviado,CORAL,SILVER PANDA,Club Vibe. Curitiba. PR,14/03/2025,,,7100,7000,100,,,14/02/2025,3500,10/03/2025,3600,,,5600,5,1400,
101,31/01/2025,PLA/C25-000033,assinado,KLAH,RAGIE BAN,Magnolia Club. Uberaba. MG,14/03/2025,Colocado,,1800,1122.37,100,286.75,290.88,13/02/2025,360,14/03/2025,1440,,,899.97,18,224.47,56.12
102,14/02/2025,PLA/C25-000048,expirado,KLAH,SCORZ,Amiiici Club @ Amici Eventos LTDA. Sorocaba. SP,14/03/2025,colocado,,2000,1900,100,,,13/03/2025,2000,,,,,1520,11,380,95
103,24/02/2025,PLA/C25-000061,assinado,BONET,MISS NATÁLIA,St. Patricks day / PATRIMONIO - Porto Alegre - RS,15/03/2025,,,5100,5000,100,,,11/03/2025,5100,,,,,4000,44,1000,250
104,12/03/2025,PLA/C25-000072,expirado,SCOOB,TALBOT,evento privado @ Rio de Janeiro. RJ,15/03/2025,,,2500,2500,,,,14/03/2025,2500,,,,,2000,112 / 3,500,125
105,30/03/2025,-,-,BONET,MOSER,CENNA / PORTO ALEGRE - RS,15/03/2025,,,1500,1000,,500,,21/03/2025,1500,,,,,800,46,200,50
106,28/02/2025,PLA/C25-000064,assinado,BONET,SCHILLIST,Kroko Pub. Pato Branco. PR,15/03/2025,colocado,,3500,1967.16,100,1432.84,,11/03/2025,1750,17/03/2025,1750,,,1573.73,103,393.43,98.36
107,29/01/2025,PLA/C25-000030,expirado,KLAH,GREG,Rooftech @ Espaço Taal. Barueri. SP,15/03/2025,colocado,,3000,2585.47,,414.53,,28/01/2025,600,14/03/2025,2400,,,2068.38,25,517.09,129.27
108,29/01/2025,PLA/C25-000029,expirado,KLAH,CAROL FÁVERO,Rooftech @ Espaço Taal. Barueri. SP,15/03/2025,colocado,,5500,5200,,300,,28/01/2025,1100,14/03/2025,4400,,,4160,1270,1040,260
109,31/01/2025,PLA/C25-000034,assinado,KLAH,RAGIE BAN, Eletric @ Haja Glória. Uberlândia. MG,15/03/2025,,,2200,1487.59,100,286.76,325.66,10/02/2025,440,14/03/2025,1760,,,1210.57,19,297.52,74.38
110,29/01/2025,PLA/C25-000028,assinado,KLAH,NICOLAU MARINHO,Drop Music @ BomBar Rv. Salvador. BA,21/03/2025,,,3100,3000,100,,,31/01/2025,900,19/03/2025,2200,,,2400,46,600,150
111,30/03/2025,,,BONET,SCHILLIST,Senhorita. Florianópolis. SC,21/03/2025,,,800,800,,,,27/03/2025,800,,,,,640,106,160,40
112,14/02/2025,PLA/C25-000049,expirado,KLAH,DRE GUAZZELLI, Amici Eventos LTDA. Sorocaba. SP,21/03/2025,colocado,,5000,4200,100,700,,20/03/2025,5000,,,,,3360,583,840,210
113,28/02/2025,PLA/C24-000066,assinado,KLAH,CAROL SEUBERT,Pistinha Summer SP @ Espaço Taal. Barueri. SP,21/03/2025,colocado,,1000,1000,,,,28/03/2025,1000,,,,,800,29,200,50
114,20/03/2025,-,-,KLAH,CAROL SEUBERT,Private Event @ Ferrari São Paulo @  São Paulo. SP. BR,21/03/2025,,,1000,1000,,,,26/03/2025,200,,,,,0,-,200,50
115,12/03/2025,PLA/C25-000071,expirado,BONET,FANCY INC,GLASS POA. Porto Alegre. RS,22/03/2025,,,10000,10000,,,,10/03/2025,1800,18/03/2025,8200,,,8000,53,2000,500
116,29/11/2024,PLA/C24-000060,assinado,SCOOB,RYAN LOPES,Escobaile @ Ryan Lopes @ Racanto Mustache,22/03/2025,Colocado,,1000,1000,,,,21/02/2025,200,21/03/2025,800,,,800,9,200,50
117,29/11/2024,PLA/C24-000061,assinado,SCOOB,NICOLAU MARINHO,Escobaile @ Nicolau Marinho @ Racanto Mustache,22/03/2025,Colocado,,3000,3000,,,,21/02/2025,900,21/03/2025,2100,,,2400,45,600,150
118,09/01/2025,PLA/C25-000009,assinado,SCOOB,RAGIE BAN,Festa Gaia @ arena premium. Londrina. PR,22/03/2025,,,2600,2500,100,,,10/02/2025,500,20/03/2025,2100,,,2000,20,500,125
119,30/03/2025,-,-,CORAL,BINARYH,La Guapeada Polo- Buenos Aires - Argentina USD 3150,22/03/2025,,,18272.52,14593.54,,3678.98,135,27/03/2025,18272.52,,,,,13134.19,44,1459.35,
120,12/03/2025,PLA/C25-000070,assinado,BONET,PITHMAN,GLASS POA. Porto Alegre. RS,22/03/2025,colocado,,2000,1042.2,200,757.8,,10/03/2025,200,18/03/2025,1800,,,833.76,7,208.44,52.11
121,10/02/2025,PLA/C25-000044,expirado,KLAH,SOUTH BIRDS , +55. Curitiba. PR,22/03/2025,,,5200,5000,200,,,13/02/2025,5200,,,,,4000,28 /46 ,1000,250
122,30/03/2025,,,CORAL,TALBOT,Fechado pelo artista - Semple BC,27/03/2025,,,3000,2644.2,100,255.8,,07/04/2025,3000,,,,,2115.36,4 / 114,528.84,
123,30/03/2025,-,-,BONET,MOSER,Senhorita. Florianópolis. SC,28/03/2025,,,800,800,,,,16/04/2025,800,,,,,640,1,160,40
124,17/02/2025,EUR/C25-000005,assinado,CORAL,BIGFETT,ZAMNA India @ Dome Entertainment Pvt. Ltd.. Mumbai. IN USD 1000,28/03/2025,,,5800.8,5800.8,,,,08/04/2025,1160.16,,,,,4640.64,-,1160.16,
125,17/03/2025,,assinado,BONET,CAROL SEUBERT,GLASS / Porto Alegre - RS,29/03/2025,extras,,4000,4000,,,,18/03/2025,800,26/03/2025,3200,,,3200,31,800,200
126,17/02/2025,EUR/C25-000006,assinado,CORAL,BIGFETT,ZAMNA India @ Gymkhana Club. Gurugram. IN USD 1000,29/03/2025,,,5800.8,5800.8,,,,08/04/2025,5800.8,,,,,4640.64,30,1160.16,
127,30/03/2025,-,-,CORAL,DRE GUAZZELLI,AME Club Ltda. Valinhos. SP,29/03/2025,,,5000,5000,,,,02/04/2025,5000,,,,,4000,584,1000,
128,30/03/2025,-,-,CORAL,RIKO & GUGGA,AME Club Ltda. Valinhos. SP,29/03/2025,,,2500,2500,,,,02/04/2025,2500,,,,,2000,21,500,
129,30/03/2025,-,-,BONET,MOSER,TREZZE ROOFTOP / Blumenau - SC,29/03/2025,,,1300,1300,,,,03/04/2025,1300,,,,,1040,2,260,65
130,30/03/2025,-,-,VICTOR HUGO,DRE GUAZZELLI,LOLLAPALOOZA //Collab // São Paulo - SP,30/03/2025,,,15000,15000,,,,02/05/2025,15000,,,,,13500,591,1500,375
131,30/04/2025,,,BONET,MOSER,Fish and CO. Florianopolis. SC,03/04/2025,,,500,500,,,,07/05/2025,500,,,,,400,3,100,25
132,28/03/2025,PLA/C25-000108,assinado,VICTOR HUGO,DRE GUAZZELLI,Inauguração do nosso Espaço Jardin Bisutti // Collab // @ Chez Bisutti Trancoso. Porto Seguro. BA,03/04/2025,,,10000,10000,,,,01/04/2025,10000,,,,,9000,587,1000,250
133,04/04/2025,PLA/C25-000124,expirado,PEDRO,OWNBOSS,EVVA CLUB. Ribeirão Preto. SP,04/04/2025,,,16000,16000,,,,04/04/2025,16000,,,,,12800,8,3200,480
134,30/04/2025,-,-,BONET,MOSER,POSH CLUB / Florianópolis - SC,04/04/2025,,,1000,1000,,,,15/04/2025,1000,,,,,800,4,200,50
135,13/01/2025,USD/C25-000001,assinado,KLAH,BIGFETT,Astronomy Boiler @ Auditorio Recoleta (Futura) - AR USD 1500,05/04/2025,,,8576.18,4650.94,270,2998.47,656.77,15/01/2025,4444.28,03/04/2025,4131.9,,,3720.75,32,930.19,232.55
136,10/01/2025,PLA/C25-000010,assinado,SCOOB,GREG,HOUSE MUSIC @ MANSÃO ABREU. Varginha. MG,05/04/2025,,,3500,3000,,500,,01/04/2025,3500,,,,,2400,26,600,150
137,04/02/2025,PLA/C25-000035,expirado,SCOOB,CAROL FÁVERO,House Station @ Estação 80. Maua. SP,05/04/2025,,,5000,4500,100,400,,07/02/2025,1000,21/02/2025,3000,04/04/2025,1000.00,3600,1280,900,225
138,19/03/2025,PLA/C25-000085,-,SCOOB,CAROL SEUBERT,GALACTIC SUNRISE @ chácara. Ribeirão Preto. SP,05/04/2025,,,2600,2245.2,100,,254.8,22/04/2025,900,04/04/2025,1700,,,1796.16,32,449.04,112.26
139,30/04/2025,-,-,BONET,MOSER,SAFARI Jurerê / Florianópolis - SC,05/04/2025,,,1000,1000,,,,15/04/2025,1000,,,,,800,6,200,50
140,30/04/2025,-,-,BONET,MOSER,HEAVEN Jurerê / Florianopolis - SC,05/04/2025,,,1000,1000,,,,15/04/2025,1000,,,,,800,05/ago,200,50
141,01/04/2025,USD/C25-000008,assinado,VICTOR HUGO,CAROL FÁVERO, CreedRoomz afterparty @ Seen - São Paulo. SP - USD 3000,08/04/2025,,,16524,16389,135,,,03/04/2025,16524,,,,,13111.2,1297,3277.8,819.45
142,03/02/2025,USD/C25-000002,assinado,JOTTA,BIGFETT,Space Fusion @ E1. London. GB USD 500,11/04/2025,,,2670,2670,,,,19/02/2025,1295,24/04/2025,1375,,,2136,33,534,133.5
143,25/03/2025,PLA/C25-000096,expirado,JOTTA,FANCY INC,Buddha Garden. Divinópolis. MG,11/04/2025,,,6100,6000,100,,,10/04/2025,6100,,,,,4800,1,1200,300
144,10/03/2025,PLA/C25-000068,assinado,KLAH/JORDO,WADE,WADE @ RIO ME @ TBC RJ. Rio de Janeiro. RJ - EUR 20000+3000,12/04/2025,,,141511.77,140511.77,,,1000,27/02/2025,35000,14/03/2025,77064,01/04/2025,29447.77,0,-,18694.2,7025.59
145,14/02/2025,PLA/C25-000051,assinado,JOTTA,CAROL FÁVERO,Mountain Fall @ Pico do Piripau. Cambuquira. MG,12/04/2025,,,6800,5000,100,,1700,14/03/2025,1360,09/04/2025,5440,,,4000,1298,1000,250
146,14/02/2025,PLA/C25-000052,assinado,JOTTA,DEEFT,Mountain Fall @ Pico do Piripau. Cambuquira. MG,12/04/2025,,,3600,3000,100,500,,14/03/2025,720,09/04/2025,2880,,,2400,19,600,150
147,14/02/2025,PLA/C25-000053,assinado,JOTTA,MISS NATÁLIA,Mountain Fall @ Pico do Piripau. Cambuquira. MG,12/04/2025,,,4600,3570,100,930,,14/03/2025,920,09/04/2025,3680,,,2856,51,714,178.5
148,13/03/2025,PLA/C25-000076,assinado,JORDO,GREG, RIOME @ Rio de Janeiro. RJ,12/04/2025,,,2100,2000,100,,,09/04/2025,2100,,,,,1600,27,400,100
149,13/03/2025,PLA/C25-000078,expirado,SCOOB,NICOLAU MARINHO, Space Lost @ Estrada do Banho Turco. Sorocaba. SP,12/04/2025,,,2100,2000,100,,,08/04/2025,2100,,,,,1600,47,400,100
150,30/04/2025,-,-,JORDO,MARY MESK, RIOME @ Rio de Janeiro. RJ,12/04/2025,,,5000,5000,,,,09/04/2025,5000,,,,,4000,44,1000,250
151,12/03/2025,PLA/C25-000073,assinado,SCOOB,RAGIE BAN,Nuts Private Party @ Mansao Morumbi. São Paulo. SP,12/04/2025,,,2500,2300,,200,,09/04/2025,460,11/04/2025,2040,,,1840,22,460,115
152,30/04/2025,-,-,BONET,MOSER,CENNA / PORTO ALEGRE - RS,12/04/2025,,,1500,1000,,500,,17/05/2025,1500,,,,,800,7,200,50
153,12/04/2025,-,-,BONET,SCHILLIST,Senhorita. Florianópolis. SC,12/04/2025,,,800,800,,,,17/04/2025,800,,,,,640,107,160,40
154,30/04/2025,-,-,CORAL,FANCY INC,Laroc Club. Valinhos. SP,12/04/2025,,,8000,8000,,,,16/04/2025,8000,,,,,6400,2,1600,
155,30/04/2025,-,-,CORAL,TALBOT,Laroc Club. Valinhos. SP,12/04/2025,,,1600,1500,100,,,22/04/2025,1600,,,,,1200,116 / 5,300,
156,30/04/2025,-,-,CORAL,BRUNO MARTINI,Laroc Club. Valinhos. SP,12/04/2025,,,10000,10000,,,,22/04/2025,10000,,,,,8000,530,2000,
157,30/04/2025,-,-,BONET,MISS NATÁLIA,TREZZE ROOFTOP / Blumenau - SC,13/04/2025,,,2200,2000,,200,,16/04/2025,2200,,,,,1600,47,400,100
158,25/03/2025,PLA/C25-000094,assinado,JOTTA,SOUTH BIRDS ,Evento Corporativo Coca-Cola @ Cinema Cinemark (shopping Eldorado). São Paulo. SP,14/04/2025,colocado,,10000,8877.9,,1122.1,,26/03/2025,2000,09/04/2025,8000,,,7102.32,34 / 48,1775.58,443.9
159,24/01/2025,PLA/C25-000024,assinado,KLAH,SOUTH BIRDS ,ONBOARD FESTIVAL 2025 @ NAVIO COSTA DIADEMA,17/04/2025,,,6200,6000,200,,,25/02/2025,1800,08/04/2025,4400,,,4800,35 / 49,1200,300
160,07/04/2025,PLA/C25-000145,assinado,PEDRO,CAROL FÁVERO,Ephigenia. São Paulo. SP,17/04/2025,,,5000,5000,,,,07/04/2025,5000,,,,,4000,1299,1000,150
161,24/01/2025,PLA/C25-000025,assinado,KLAH,CAROL SEUBERT,ONBOARD FESTIVAL 2025 @ NAVIO COSTA DIADEMA,18/04/2025,,,2000,2000,,,,27/03/2025,600,08/04/2025,1400,,,1600,33,400,100
162,03/12/2024,PLA/C24-000067,assinado,SCOOB,CAROL FÁVERO,Só Música Boa@ Clube dos Ferroviários. Recife. PE,18/04/2025,,,3100,3000,100,,,06/12/2024,1900,07/04/2025,1200,,,2400,1300,600,150
163,19/03/2025,PLA/C25-000084,assinado,JORDO,GREG,Brava Beach Club. Guarapari. ES,18/04/2025,,,3100,2679.26,100,,320.74,24/05/2025,3100,,,,,2143.41,28,535.85,133.96
164,18/04/2025,-,-,JORDO,KVSH,Brava Beach Club. Guarapari. ES,18/04/2025,,,81200,80000,1200,,,06/06/2025,8000,,,,,0,-,8000,2000
165,24/01/2025,PLA/C25-000026,assinado,KLAH,MISS NATÁLIA,ONBOARD FESTIVAL 2025 @ NAVIO COSTA DIADEMA,19/04/2025,,,2000,2000,,,,27/03/2025,600,08/04/2025,1400,,,1600,50,400,100
166,27/12/2024,"	PLA/C24-000083",assinado,SCOOB,RIKO & GUGGA,SOULSOCIETY,19/04/2025,extras,,5398,4000,,1187.38,210.62,03/01/2025,800,03/01/2025,3398,10/01/2025,1200.00,3200,23,1010.62,200
167,27/12/2024,PLA/C24-000082,assinado,SCOOB,MARIZ,SOULSOCIETY,19/04/2025,extras,,2699,2105.31,,593.69,,03/01/2025,400,03/01/2025,699,10/01/2025,1600.00,1684.25,11,421.06,105.27
168,19/04/2025,-,-,CORAL,MARY MESK,Zamna Festival,19/04/2025,,,3800,3800,,,,22/04/2025,3800,,,,,3040,45,760,
169,19/04/2025,-,-,CORAL,SILVIO SOUL,Zamna Festival,19/04/2025,,,5000,5000,,,,22/04/2025,5000,,,,,4000,-,1000,
170,19/04/2025,-,-,CORAL,NERY,Zamna Festival,19/04/2025,,,1500,1500,,,,22/04/2025,1500,,,,,1200,10,300,
171,19/04/2025,-,-,CORAL,SCORZ,Zamna Festival,19/04/2025,,,3000,3000,,,,22/04/2025,3000,,,,,2400,12,600,
172,19/04/2025,-,-,CORAL,BINARYH,Zamna Festival,19/04/2025,,,10300,10000,450,,,22/04/2025,10450,,,,,8000,45,1850,
173,19/04/2025,-,-,PEDRO,OWNBOSS,2800 Music Club. Londrina. PR,19/04/2025,,,12300,12000,300,,,17/04/2025,5000,22/04/2025,3500,22/04/2025,3800.00,9600,9,2400,360
174,18/03/2025,PLA/C25-000081,assinado,VICTOR HUGO,BINARYH,Taberna Bar & Restaurante. Maresias. SP,20/04/2025,,,8500,8500,,,,18/03/2025,3500,16/04/2025,2500,22/04/2025,2500.00,6800,46,1700,425
175,13/03/2025,PLA/C25-000075,assinado,SCOOB,RAGIE BAN,House Club @ Nakka Club - São Paulo. SP,20/04/2025,,,2500,2300,,200,,01/04/2025,1000,17/04/2025,1500,,,1840,23,460,115
176,20/04/2025,-,-,CORAL,CAROL FÁVERO,Laroc Club Guarujá. Guarujá. SP,20/04/2025,,,3200,3000,200,,,22/04/2025,3200,,,,,2400,1301,600,
177,20/04/2025,-,-,CORAL,DOT,Laroc Club Guarujá. Guarujá. SP,20/04/2025,,,1100,1000,100,,,22/04/2025,1100,,,,,800,25,200,
178,20/04/2025,-,-,JOTTA,NICOLAU MARINHO,Love Tech @ Espaço Blow. São Bernardo do Campo. SP,20/04/2025,,,2600,2500,100,,,14/04/2025,2600,,,,,2000,48,500,125
179,20/04/2025,-,-,BONET,MOSER,No Class. Florianópolis. SC,20/04/2025,,,800,800,,,,07/05/2025,800,,,,,640,10,160,40
180,01/04/2025,PLA/C25-000113,assinado,KLAH/JORDO,TALBOT,TAWA BEACH. Armação dos Búzios. RJ,20/04/2025,colocado,,3000,2900,100,,,11/04/2025,3000,,,,,2320,6 / 118,580,145
181,07/04/2025,PLA/C25-000143,assinado,PEDRO,MARY MESK,Ephigenia. São Paulo. SP,25/04/2025,colocado,,5000,5000,,,,07/04/2025,5000,,,,,4000,46,1000,150
182,27/03/2025,PLA/C25-000097,assinado,JOTTA,BINARYH,R/OT Showcase @ Crema Club. São Paulo. SP,25/04/2025,,,4000,4000,,,,24/04/2025,4000,,,,,3200,47,800,200
183,24/04/2025,-,-,BONET,MOSER,DONNO | Gastronomia e Música. Balneário Rincão. SC,25/04/2025,colocado,,2000,2000,,,,02/05/2025,2000,,,,,1600,11,400,100
184,14/02/2025,PLA/C25-000050,assinado,SCOOB,CAROL SEUBERT,Adore. Joinville Square Garden. Joinville. SC,26/04/2025,,,3000,2000,,387.11,612.89,22/04/2025,3000,,,,,1600,36,400,100
185,24/04/2025,-,-,JOTTA,CAROL FÁVERO,Laluna @ Casa Nova. São Paulo,26/04/2025,,,2500,2500,,,,29/04/2025,2500,,,,,2000,1310,500,125
186,21/02/2025,PLA/C25-000060,assinado,KLAH,NICOLAU MARINHO,Gliese @ Paraíso Morumbi. São Paulo. SP,26/04/2025,Colocado,,2000,1356.14,,643.86,,21/02/2025,1200,23/04/2025,800,,,1084.91,50,271.23,67.81
187,01/04/2025,PLA/C25-000112,assinado,KLAH,TALBOT,Evento Privado @ Aniversário @ (Local-casa) Lara Pace Costa. Belo Horizonte. MG,26/04/2025,Colocado,,6000,5089.78,100,810.22,,01/04/2025,1200,24/04/2025,4800,,,4071.82,119 / 7 ,1017.96,254.49
188,17/04/2025,PLA/C25-000162,assinado,VICTOR HUGO,DRE GUAZZELLI, varanda estaiada // Collab// São Paulo. SP,26/04/2025,,,6000,6000,,,,17/04/2025,3000,23/04/2025,3000,,,5400,589,600,150
189,24/03/2025,PLA/C25-000089,assinado,JOTTA,CAROL FÁVERO,Waves Day Party @ Clube Náutico Araraquara. Araraquara. SP,27/04/2025,,,3100,3000,100,,,24/04/2025,3100,,,,,2400,1311,600,150
190,24/03/2025,PLA/C25-000090,assinado,JOTTA,CAROL SEUBERT,Waves Day Party @ Clube Náutico Araraquara. Araraquara. SP,27/04/2025,,,3100,3000,100,,,24/04/2025,3100,,,,,2400,37,600,150
191,14/02/2025,PLA/C25-000047,assinado,JOTTA,GREG,Waves Day Party @ Clube Náutico Araraquara. Araraquara. SP,27/04/2025,,,3100,3000,100,,,24/04/2025,3100,,,,,2400,29,600,150
192,22/04/2025,PLA/C25-000166,assinado,JOTTA,NERY,Sunset Deck976 @ Deck 976. Pardinho. SP,27/04/2025,,,2000,1500,,500,,25/04/2025,2000,,,,,1200,11,300,75
193,24/03/2025,PLA/C25-000092,assinado,JOTTA,NICOLAU MARINHO,Waves Day Party @ Clube Náutico Araraquara. Araraquara. SP,27/04/2025,,,3100,2605.2,100,,394.8,24/04/2025,3100,,,,,2084.16,49,521.04,130.26
194,24/03/2025,PLA/C25-000091,assinado,JOTTA,RIKO & GUGGA,Waves Day Party @ Clube Náutico Araraquara. Araraquara. SP,27/04/2025,,,3100,3000,100,,,24/04/2025,3100,,,,,2400,24,600,150
195,30/04/2025,-,assinado,BONET,KVSH,OPIUM CLUB - LAGEADO - RS,30/04/2025,,,46200,45000,1200,,,12/06/2025,4500,,,,,0,-,4500,1125
196,01/04/2025,PLA/C25-000109,assinado,JOTTA,RAGIE BAN,Festa do Preto @ Arena BRB Mané Garrincha. Brasília. DF,30/04/2025,,,5100,5000,100,,,01/04/2025,1500,29/04/2025,2600,30/04/2025,1000.00,4000,24,1000,250
197,30/04/2025,-,-,BONET,MISS NATÁLIA,Trezze Rooftop. Blumenau. SC,30/04/2025,colocado,,2200,2000,,200,,06/05/2025,2200,,,,,1600,52,400,100
198,14/04/2025,PLA/C25-000154,assinado,GUI,DRE GUAZZELLI,Taberna Bar & Restaurante. Maresias. SP,02/05/2025,colocado,,10000,9100,,900,,14/04/2025,2000,25/04/2025,3000,30/04/2025,5000.00,7280,592,1820,455
199,17/04/2025,PLA/C25-000160,assinado,PEDRO,FANCY INC,Toca do Tatu. São Paulo. SP,02/05/2025,,,5000,5000,,,,30/04/2025,5000,,,,,4000,3,1000,150
200,27/04/2025,PLA/C25-000177,assinado,BONET,MOSER,Warm Up WDF +55 / Curitiba - PR,02/05/2025,,,2000,2000,,,,01/05/2025,2000,,,,,1600,12,400,100
201,29/04/2025,-,-,CORAL,SILVIO SOUL,Laroc Club Guarujá. Guarujá. SP,02/05/2025,,,5000,5000,,,,06/05/2025,5000,,,,,4000,,1000,
202,11/04/2025,PLA/C25-000151,expirado,JOTTA,NICOLAU MARINHO,Discovery Summer @ Praia da Reserva. Ilha 24 - Quiosque Miramar. Rio de Janeiro. RJ,03/05/2025,,,3000,3000,,,,30/04/2025,3000,,,,,2400,51,600,150
203,29/04/2025,-,-,CORAL,KVSH,Laroc Club Guarujá,03/05/2025,,,61200,60000,,,,12/06/2025,6000,,,,,0,,6000,
204,24/04/2025,-,-,BONET,PITHMAN,BOZZ divertissement. Tubarão. SC.,03/05/2025,colocado,,1800,675.78,50,774.22,300,06/05/2025,1800,,,,,540.62,9,135.16,33.79
205,29/04/2025,-,-,CORAL,SCORZ,Laroc Club Guarujá,03/05/2025,,,3000,3000,,,,09/05/2025,3000,,,,,2400,13,600,
206,29/04/2025,-,-,CORAL,DROPACK,Laroc Club Guarujá,03/05/2025,,,2100,2000,100,,,09/05/2025,2100,,,,,1600,107,400,
207,29/04/2025,-,-,BONET,DOT,CENNA 188. Porto Alegre. RS,03/05/2025,colocado,,2000,1050,,950,,08/05/2025,1050,,,,,840,27,210,52.5
208,29/04/2025,PLA/C25-000187,expirado,KLAH,CAROL SEUBERT,After Time Warp @ Central 1926. São Paulo. SP,03/05/2025,,,1150,1000,,150,,02/05/2025,1000,,,,,800,39,200,50
209,17/04/2025,PLA/C25-000158,expirado,KLAH,RIKO & GUGGA,After Time Warp @ Central 1926. São Paulo. SP,04/05/2025,,,1200,1200,,,,02/05/2025,1200,,,,,960,25,240,60
210,29/04/2025,-,-,GUI,PITHMAN,Quiosque 10 e meio. Rio de Janeiro. RJ,04/05/2025,,,600,55.78,,544.22,,05/05/2025,600,,,,,44.62,9,11.16,0
211,29/04/2025,PLA/C25-000188,assinado,KLAH,DRE GUAZZELLI,Lunna // Collab // LiLi Club Vila Madalena. São Paulo. SP,04/05/2025,colocado,,5000,5000,,,,02/05/2025,5000,,,,,4500,593,500,125
212,08/05/2025,-,-,JORDO,ROOFTIME,FUNN FESTIVAL,08/05/2025,,,15000,15000,,,,15/05/2025,1500,,,,,0,-,1500,750
213,06/05/2025,PLA/C25-000210,enviado,PEDRO,CAROL SEUBERT,Távolla. Palmas. TO,09/05/2025,,,3100,3000,100,,,09/05/2025,3100,,,,,2400,40,600,90
214,27/04/2025,PLA/C25-000176,enviado,PEDRO,ETTA,Amici Eventos LTDA. Sorocaba. SP,09/05/2025,,,4000,4000,,,,13/05/2025,4000,,,,,3200,87,800,120
215,27/03/2025,PLA/C25-000106,assinado,KLAH,CAROL FÁVERO,VERNISSAGE GALLERY CLUB. Goiânia. GO. BR,09/05/2025,,,3100,3000,100,,,07/05/2025,1500,21/05/2025,1600,,,2400,1334,600,150
216,27/04/2025,PLA/C25-000182,assinado,KLAH,NICOLAU MARINHO,Just Groove @ RPG & BAR DANÇANTE LTDA (D-Edge RJ),09/05/2025,colocado,,1200,1100,100,,,07/05/2025,1200,,,,,880,55,220,55
217,01/04/2025,PLA/C25-000114,assinado,JOTTA,BINARYH,Tantra @ ELEVEN CAFE. Belo Horizonte. MG,10/05/2025,,,8200,8000,200,,,10/04/2025,1600,07/05/2025,6600,,,6400,48,1600,400
218,10/04/2025,PLA/C25-000148,assinado,KLAH,CAROL FÁVERO, Bar da Heineken @ Living HNK : Brasília. DF,10/05/2025,,,3100,3000,100,,,14/04/2025,640,08/05/2025,2460,,,2400,1335,600,150
219,08/05/2025,-,-,BONET,MOSER,Trezze Rooftop. Blumenau. SC,10/05/2025,,,1300,1300,,,,12/05/2025,1300,,,,,1040,13,260,65
220,08/05/2025,-,-,CORAL,OWNBOSS, Esquenta Tomorrowland @ Laroc Club. Valinhos. SP,10/05/2025,,,10300,10000,300,,,13/05/2025,10300,,,,,8000,11,2000,
221,08/05/2025,-,-,CORAL,SCORZ, Esquenta Tomorrowland @ Laroc Club. Valinhos. SP,10/05/2025,,,3000,3000,,,,13/05/2025,3000,,,,,2400,14,600,
222,11/04/2025,PLA/C25-000149,enviado,JOTTA,NICOLAU MARINHO,Art House. Ribeirão Preto. SP,16/05/2025,,,2100,2000,100,,,15/05/2025,2100,,,,,1600,54,400,100
223,17/04/2025,PLA/C25-000156,assinado,PEDRO,BINARYH,Ephigenia. São Paulo. SP,16/05/2025,,,5000,5000,,,,30/04/2025,2500,09/05/2025,2500,,,4000,49,1000,150
224,12/05/2025,-,-,BONET,MOSER,Posh Club. Florianópolis. SC,16/05/2025,,,1000,1000,,,,22/05/2025,1000,,,,,800,31,200,50
225,12/02/2025,PLA/C25-000045,assinado,KLAH,BIGFETT,Aniversário da Vibes @ Vibes Club. Caruaru. PE,17/05/2025,,,2600,2500,100,,,21/03/2025,520,21/03/2025,780,16/05/2025,1300.00,2000,34,500,125
226,07/04/2025,PLA/C25-000139,assinado,PEDRO,FANCY INC,TERRA @ Onix . Volta Redonda. RJ,17/05/2025,,,7300,7000,300,,,12/05/2025,1000,15/05/2025,4700,02/05/2025,1600.00,5600,4,1400,210
227,04/04/2025,PLA/C25-000127,enviado,KLAH,RAGIE BAN,Prime @ Mont Serrah Garden. Maringá. PR,17/05/2025,,,5100,5000,100,,,14/05/2025,5100,,,,,4000,26,1000,250
228,07/04/2025,PLA/C25-000136,assinado,KLAH/JORDO,NICOLAU MARINHO,Euphoria @ Sitio Das Pedradas. Rio De Janeiro. RJ,17/05/2025,,,2000,2000,,,,13/05/2025,2000,,,,,1600,53,400,100
229,12/05/2025,-,-,BONET,SCHILLIST,HEAVEN Jurerê / Florianópolis - SC,17/05/2025,,,1000,1000,,,,27/05/2025,1000,,,,,800,108,200,50
230,12/05/2025,-,-,BONET,MOSER,Praia do Rosa - Imbituba - SC @ Maram Beach Garden. Imbituba. SC,17/05/2025,,,1500,1500,,,,02/06/2025,1500,,,,,1200,14,300,75
231,15/05/2025,PLA/C25-000235,enviado,PEDRO,MISS NATÁLIA,Funn Festival @ Parque da Cidade Sarah Kubitschek. Brasília. DF,17/05/2025,,,5150,5000,150,,,19/05/2025,5150,,,,,4000,54,1000,150
232,02/04/2025,PLA/C25-000120,assinado,KLAH/JORDO,CAROL FÁVERO,Euphoria @ Sitio Das Pedradas. Rio De Janeiro. RJ,18/05/2025,,,3100,3000,100,,,13/05/2025,3100,,,,,2400,1338,600,150
233,30/04/2025,PLA/C25-000198,assinado,VICTOR HUGO,DRE GUAZZELLI,Mii Rooftop // Collab// @ São Paulo SP. São Paulo. SP,18/05/2025,,,4300,4100,,200,,30/04/2025,2300,12/05/2025,2000,,,3690,594,410,102.5
234,08/04/2025,PLA/C25-000146,assinado,CORAL,OWNBOSS,High Eventos. São Paulo. SP,23/05/2025,,,16150,16000,150,,,17/04/2025,2000,16/05/2025,4000,28/05/2025,10150.00,12800,12,3200,
235,19/05/2025,PLA/C25-000247,enviado,PEDRO,BRUNO MARTINI,Moon Campinas. Campinas,23/05/2025,,,10000,10000,,,,23/05/2025,10000,,,,,8000,533,2000,300
236,17/02/2025,PLA/C25-000056,assinado,JOTTA,NICOLAU MARINHO,Black Party @ Ambiguous - Shopping Moda Brasil. Cedral. SP,24/05/2025,,,3100,3000,100,,,17/03/2025,600,21/05/2025,2500,,,2400,56,600,150
237,27/03/2025,PLA/C25-000103,enviado,JOTTA,BLURRYVISION,Playground - SP @ Thermas de São Pedro. São Pedro. SP,24/05/2025,,,,,,,,14/05/2025,600,,,,,0,,0,0
238,27/03/2025,PLA/C25-000101,enviado,JOTTA,CAROL FÁVERO,Playground - SP @ Thermas de São Pedro. São Pedro. SP,24/05/2025,,,,,,,,14/05/2025,1600,,,,,0,,0,0
239,27/03/2025,PLA/C25-000102,enviado,JOTTA,DEEFT,Playground - SP @ Thermas de São Pedro. São Pedro. SP,24/05/2025,,,,,,,,14/05/2025,600,,,,,0,,0,0
240,27/03/2025,PLA/C25-000098,enviado,JOTTA,GREG,Playground - SP @ Thermas de São Pedro. São Pedro. SP,24/05/2025,,,,,,,,14/05/2025,1100,,,,,0,,0,0
241,27/03/2025,PLA/C25-000099,enviado,JOTTA,RAGIE BAN,Playground - SP @ Thermas de São Pedro. São Pedro. SP,24/05/2025,,,,,,,,14/05/2025,1100,,,,,0,,0,0
242,30/04/2025,PLA/C25-000195,assinado,PEDRO,SOUTH BIRDS ,2800 Music Club. Londrina. PR,24/05/2025,,,5300,5000,300,,,22/05/2025,5300,,,,,4000,55 / 41,1000,150
243,27/04/2025,PLA/C25-000184,assinado,PEDRO,ETTA,Evento Privado - Convenção de vendas Claro @ Royal Palm Plaza Resort. Campinas. SP,27/05/2025,,,15000,15000,,,,21/05/2025,15000,,,,,12000,88,3000,450
244,17/04/2025,PLA/C25-000159,assinado,PEDRO,OWNBOSS,Toca do Tatu. São Paulo. SP,30/05/2025,,,15000,12435.46,,1833.3,731.24,29/05/2025,15000,,,,,9948.37,13,2487.09,373.06
245,27/04/2025,PLA/C25-000180,enviado,PEDRO,NICOLAU MARINHO,Alvar @ Espaço Olhos d'Água. Franca. SP,30/05/2025,,,5500,4039.21,,1150.04,310.75,14/05/2025,1650,30/05/2025,3000,02/06/2025,850.00,3231.37,57,807.84,121.18
246,27/05/2025,PLA/C25-000261,assinado,KLAH,TALBOT,Aldeia Lagoa. Rio de Janeiro. RJ,30/05/2025,colocado,,2500,2466.6,,33.4,,10/06/2025,2500,,,,,1973.28,8 / 122,493.32,123.33
247,27/05/2025,PLA/C25-000267,enviado,PEDRO,VOLAC,Alvar @ Espaço Olhos d'Água. Franca. SP.,30/05/2025,,,12300,6552,300,5448,,27/05/2025,5450,29/05/2025,6550,02/06/2025,300.00,5241.6,-,1310.4,196.56
248,29/05/2025,-,-,BONET,SOUTH BIRDS ,MIRADA in CENNA / Porto Alegre - RS @ CENNA 188. Porto Alegre. RS,31/05/2025,,,5000,5000,,,,03/06/2025,5000,,,,,4000,42 / 56,1000,250
249,16/05/2025,PLA/C25-000239,enviado,JOTTA,GREG,Taturana Festival Face to Face @ Une Bauru. Bauru. SP,31/05/2025,,,3600,2000,100,1500,,02/06/2025,3500,28/05/2025,100,,,1600,30,400,100
250,16/05/2025,PLA/C25-000240,enviado,JOTTA,RAGIE BAN,Taturana Festival Face to Face @ Une Bauru. Bauru. SP,31/05/2025,,,3100,3000,100,,,02/06/2025,3000,28/05/2025,100,,,2400,27,600,150
251,07/04/2025,PLA/C25-000138,assinado,PEDRO,OWNBOSS,Resenha. Sinop. MT,31/05/2025,,,13000,13000,,,,29/05/2025,13000,,,,,10400,14,2600,390
252,17/04/2025,PLA/C25-000161,assinado,PEDRO,BRUNO MARTINI,RW CLUB. Curitiba. PR,31/05/2025,,,8300,8000,300,,,05/05/2025,1600,02/06/2025,6400,02/06/2025,300.00,6400,534,1600,240
253,22/04/2025,PLA/C25-000163,assinado,PEDRO,FANCY INC,Natal Beats @ Malca Club. Natal. RN,31/05/2025,,,10300,10000,300,,,22/04/2025,10300,,,,,8000,6,2000,300
254,08/05/2025,PLA/C25-000216,enviado,PEDRO,ETTA,Eivissa @ Garden Piracicaba. Piracicaba. SP,31/05/2025,colocado,,4500,4500,,,,13/05/2025,2500,25/05/2025,2000,,,3600,90,900,135
255,29/05/2025,-,-,BONET,MOSER,DONTEL MAMA / Florianópolis - SC,31/05/2025,,,1000,1000,,,,04/06/2025,1000,,,,,800,15,200,30
256,01/05/2025,PLA/C25-000196,assinado,KLAH,CAROL FÁVERO, D-Edge (RPG & Bar Dançante Ltda. - EPP). São Paulo. SP,31/05/2025,,,2500,2500,,,,02/06/2025,2500,,,,,2000,1358,500,125
257,13/05/2025,PLA/C25-000225,assinado,PEDRO,RIKO & GUGGA,Liv Club,31/05/2025,,,4300,4000,300,,,16/05/2025,4000,16/05/2025,300,,,3200,26,800,120
258,14/05/2025,PLA/C25-000232,assinado,JOTTA,NICOLAU MARINHO,On Black @ Valley Club. Marília. SP,31/05/2025,,,4350,2344.57,100,1905.43,,15/05/2025,520,29/05/2025,3330,30/05/2025,500.00,1875.66,58,468.91,117.23
259,20/03/2025,PLA/C25-000088,enviado,KLAH,DOT,MURIQUI WEEKEND @ Ibitipoca (Ritual da Lua) Lima Duarte. MG,06/06/2025,extras,,2000,2000,,,,28/05/2025,2000,,,,,1600,28,400,100
260,09/05/2025,PLA/C25-000218,enviado,VICTOR HUGO,DRE GUAZZELLI,Le Club SP. São Paulo. SP,06/06/2025,,,5500,5500,,,,06/06/2025,5500,,,,,4400,597,1100,275
261,05/05/2025,PLA/C25-000207,enviado,PEDRO,CAROL FÁVERO,Duck Session @ Duke Bistrot. Campinas. SP,06/06/2025,,,5000,4370,,630,,03/06/2025,2500,06/06/2025,2500,,,3496,1359,874,131.1
262,21/05/2025,PLA/C25-000257,enviado,PEDRO,FANCY INC,Mirage @ Açaí Biruta. Belém. PA,06/06/2025,,,7300,7000,300,,,11/06/2025,7300,,,,,5600,7,1400,210
263,17/01/2025,PLA/C25-000018,assinado,SCOOB,GREG, Back2Back @ Park.Art. Pinhais. PR,07/06/2025,,,3100,3000,100,,,05/06/2025,3100,,,,,2400,31,600,150
264,17/01/2025,PLA/C25-000019,assinado,SCOOB,NICOLAU MARINHO, Back2Back @ Park.Art. Pinhais. PR,07/06/2025,,,3100,3000,100,,,05/06/2025,3100,,,,,2400,59,600,150
265,19/03/2025,PLA/C25-000150,assinado,JOTTA,BIGFETT, Anexo do Buteco Bar. Paruapebas. PA,07/06/2025,EXTRAS,,3100,3000,100,,,21/04/2025,1250,15/05/2025,1650,02/06/2025,200.00,2400,35,600,150
266,07/04/2025,PLA/C25-000135,assinado,JOTTA,TALBOT, Inner Groove @ Iate Clube de Fortaleza. Fortaleza. CE. BR,07/06/2025,,,3000,3000,,,,07/05/2025,3000,,,,,2400,9 / 123 ,600,150
267,27/04/2025,PLA/C25-000178,assinado,PEDRO,ETTA,Cafe de La Musique - Vila Velha. ES,07/06/2025,,,4300,4000,300,,,02/06/2025,4300,,,,,3200,91,800,120
268,19/05/2025,-,assinado,PEDRO,KVSH,Cafe de La Musique - Vila Velha. ES,07/06/2025,,,71200,70000,1200,,,10/06/2025,7000,,,,,0,,7000,1050
269,07/06/2025,-,-,BONET,MOSER,Evento Privado (Ocean Mare)@ Eco Hotel Oceanomare. Florianópolis. SC,07/06/2025,,,1000,1000,,,,11/06/2025,1000,,,,,800,16,200,50
270,09/05/2025,PLA/C25-000238,enviado,PEDRO,CAROL SEUBERT,After Só Track Boa @ 99 BAR. São Paulo. SP,07/06/2025,,,1500,1500,,,,11/06/2025,1500,,,,,1200,43,300,45
271,06/06/2025,PLA/C25-000306,enviado,BONET,OWNBOSS,P12 Jurerê - Parador 12. Florianópolis. SC,07/06/2025,,,15000,15000,,,,13/06/2025,15000,,,,,0,,3000,750
272,06/06/2025,PLA/C25-000306,enviado,BONET,OWNBOSS,P12 Jurerê - Parador 12. Florianópolis. SC,07/06/2025,,,10000,10000,,,,15/12/2025,10000,,,,,8000,,2000,500
273,27/05/2025,PLA/C25-000265,assinado,KLAH,DOT,RPG & BAR DANÇANTE LTDA (D-Edge RJ). Rio de Janeiro. RJ,13/06/2025,colocado,,1500,1500,,,,11/06/2025,1500,,,,,1200,,300,75
274,19/05/2025,PLA/C25-000246,assinado,PEDRO,DRE GUAZZELLI,Toca do Tatu //Collab// São Paulo. SP,13/06/2025,,,5000,5000,,,,21/05/2025,1500,03/06/2025,3500,,,4500,,500,75
275,30/05/2025,PLA/C25-000273,enviado,PEDRO,FANCY INC,Moon Campinas. Campinas,13/06/2025,,,9000,9000,,,,13/06/2025,9000,,,,,7200,,1800,270
276,17/02/2025,PLA/C25-000181,enviado,KLAH,FANCY INC,Club Vibe. Curitiba. PR,14/06/2025,CACHE MINIMO / ACOMPANHAR FECHAMENTO,,5200,5000,200,,,09/06/2025,5200,,,,,4000,,1000,250
277,14/05/2025,PLA/C25-000229,assinado,PEDRO,ETTA,Dogz Parade - Rio de Janeiro @ Rio de janeiro,14/06/2025,,,2950,2500,450,,,04/06/2025,2950,,,,,2000,,500,75
278,19/05/2025,PLA/C25-000245,enviado,PEDRO,CAROL FÁVERO,Amnesia @ São Paulo. São Paulo. SP,14/06/2025,,,5000,5000,,,,12/06/2025,5000,,,,,4000,,1000,150
279,10/06/2025,-,-,BONET,SCHILLIST,No Class. Florianópolis. SC,14/06/2025,,,450,450,,,,18/06/2025,450,,,,,360,,90,13.5
280,10/06/2025,-,-,BONET,MISS NATÁLIA,Trezze Rooftop. Blumenau. SC,14/06/2025,,,2200,2200,,,,16/06/2025,2200,,,,,1760,,440,66
281,10/05/2025,PLA/C25-000298,enviado,GUI,PITHMAN,Nitro Circus - São Paulo @ Allianz Parque. São Paulo. SP,15/06/2025,,,3000,3000,,,,13/06/2025,3000,,,,,2400,,600,90
282,19/05/2025,PLA/C25-000248,assinado,PEDRO,DRE GUAZZELLI,Ephigenia. São Paulo. SP,18/06/2025,,,4500,4500,,,,16/06/2025,4500,,,,,3600,,900,135
283,30/04/2025,PLA/C25-000205,assinado,VICTOR HUGO,DRE GUAZZELLI,let's up festa // Collab// @ Tetto Rooftop Lounge. São Paulo. SP,18/06/2025,,,4300,4000,,300,,06/05/2025,1900,13/06/2025,2400,,,3200,,800,200
284,02/06/2025,PLA/C25-000277,assinado,VICTOR HUGO,DRE GUAZZELLI,Chapada Sounds of Quartzo - Chapada - GO - // Collab // @ GO-118. Alto Paraíso de Goiás. GO,19/06/2025,,,6000,2040.81,,3959.19,,02/06/2025,6000,,,,,1836.73,,204.08,102.04
285,10/05/2025,PLA/C25-000299,enviado,GUI,PITHMAN,Nitro Circus - Belo Horizonte @ Arena MRV. Belo Horizonte. MG,20/06/2025,,,3000,3000,,,,13/06/2025,3000,18/06/2025,1500,,,2400,,600,90
286,07/05/2025,PLA/C25-000279,assinado,CORAL,ETTA,KRUSH @ Centro Park. Uberaba. MG,20/06/2025,,,3300,3000,300,,,11/06/2025,3300,,,,,2700,,300,
287,07/05/2025,PLA/C25-000280,assinado,CORAL,CAROL FÁVERO,KRUSH @ Centro Park. Uberaba. MG,20/06/2025,,,4200,4000,200,,,11/06/2025,4200,,,,,3200,,800,
288,30/04/2025,PLA/C25-000194,assinado,PEDRO,NICOLAU MARINHO,Old River Jaraguá. Jaraguá do Sul. SC,20/06/2025,,,2150,150,,,,02/05/2025,1075,10/06/2025,1075,,,120,,30,4.5
289,08/05/2025,PLA/C25-000217,enviado,PEDRO,GREG,House Station @ Estação 80. Maua. SP,21/06/2025,,,3100,3000,100,,,12/06/2025,2000,10/06/2025,1100,,,2400,,600,90
290,25/04/2025,PLA/C25-000172,assinado,PEDRO,MISS NATÁLIA,WAW & friends @ Fortaleza. Fortaleza. CE,21/06/2025,,,2650,2500,150,,,05/05/2025,795,15/06/2025,1855,,,2000,,500,75
291,30/04/2025,PLA/C25-000197,enviado,PEDRO,FANCY INC,2800 Music Club. Londrina. PR,21/06/2025,,,9300,9000,300,,,05/05/2025,2790,10/06/2025,6510,,,7200,,1800,270
292,12/05/2025,USD/C25-000011,assinado,KLAH,BIGFETT,Wonder @ Paseo de Compras El Rey. La Plata. AR,21/06/2025,colocado,usd,1050,1000,50,,,12/05/2025,2700,17/06/2025,usd 525,,,900,,100,50
293,30/05/2025,PLA/C25-000300,assinado,VICTOR HUGO,DRE GUAZZELLI,Casamento Manuela & Giovanni // Collab// @ Cidade Jardim. São Paulo. SP,21/06/2025,,,10000,10000,,,,10/06/2025,5000,30/06/2025,5000,,,9000,,2000,250
294,07/04/2025,PLA/C25-000141,enviado,PEDRO,FANCY INC,Winter Pedra Azul @ Parque Estadual da Pedra Azul. Domingos Martins. ES,27/06/2025,,,10300,10000,300,,,08/04/2025,1545,05/05/2025,1545,17/06/2025,7210.00,8000,,2000,300
295,09/06/2025,PLA/C25-000291,enviado,PEDRO,ETTA,Winter Pedra Azul @ Parque Estadual da Pedra Azul. Domingos Martins. ES,27/06/2025,,,5300,5000,300,,,10/06/2025,1590,25/06/2025,3710,,,,,1000,
296,17/04/2025,PLA/C25-000181,assinado,KLAH/JORDO,BINARYH,Club Vibe. Curitiba. PR,27/06/2025,CACHE MINIMO / ACOMPANHAR FECHAMENTO,,4000,4000,,,,26/05/2025,4300,04/06/2025,4000,,,3200,,800,200
297,05/05/2025,PLA/C25-000209,enviado,PEDRO,DEEFT,Duck Session @ Duke Bistrot. Campinas. SP.,27/06/2025,,,2000,2000,,,,06/06/2025,600,20/06/2025,1400,,,1600,,400,60
298,08/05/2025,PLA/C25-000215,assinado,PEDRO,CAROL SEUBERT,Ephigenia. São Paulo. SP,27/06/2025,colocado,,3000,3000,,,,15/05/2025,1500,10/06/2025,1500,,,2400,,600,90
299,30/05/2025,PLA/C25-000281,enviado,PEDRO,OWNBOSS,Moon Campinas @ Moon Campinas. Campinas,27/06/2025,,,16000,16000,0,,,05/06/2025,4800,20/06/2025,11200,,,12800,,3200,
300,22/05/2025,PLA/C25-000260,assinado,BONET,OWNBOSS,Donatello Gastro Lounge. Bento Gonçalves. RS,28/06/2025,,,15000,15000,,,,23/05/2025,3000,24/06/2025,12000,,,12000,,3000,750
301,22/05/2025,PLA/C25-000258,assinado,JOTTA,NICOLAU MARINHO,Sub Paradise @ Campinas @ Restaurante Casablanca. Indaiatuba. SP,28/06/2025,,,5100,5000,100,,,22/05/2025,1020,23/06/2025,4080,,,4000,,1000,250
302,30/04/2025,PLA/C25-000200,assinado,PEDRO,CAROL FÁVERO,Eletro Party @ Francisco Beltrão. PR,28/06/2025,,,4300,4000,300,,,08/05/2025,2000,23/06/2025,2300,,,3200,,800,120
303,14/04/2025,PLA/C25-000152,enviado,JOTTA,BINARYH,Soiree Sunset @ Varanda Estaiada. São Paulo. SP,28/06/2025,,,9000,9000,,,,17/04/2025,1800,23/06/2025,7200,,,7200,,1800,450
304,03/06/2025,PLA/C25-000278,assinado,JORDO,BIGFETT,VYBBE @ Terminal Marítimo de Passageiros de Fortaleza. Fortaleza. CE,28/06/2025,,,5000,5000,,,,04/06/2025,1500,23/06/2025,3500,,,4000,,1000,250
305,10/06/2025,PLA/C25-000292,enviado,PEDRO,ETTA,Festa Zaya @ Goiânia. Goiânia. GO,28/06/2025,,,8000,8000,,1899.68,,09/06/2025,3000,23/06/2025,5000,,,6400,,1600,400
306,27/05/2025,PLA/C25-000262,enviado,JOTTA,NICOLAU MARINHO,Low Session @ TAO Valley. Divinolândia. SP,29/06/2025,,,2600,2500,100,,,28/05/2025,520,24/06/2025,2080,,,2000,,500,125
307,06/06/2025,PLA/C25-000290,enviado,VICTOR HUGO,DRE GUAZZELLI,Mii Rooftop // Collab//  São Paulo. SP,29/06/2025,,,4300,4000,300,,,09/06/2025,2300,22/06/2025,1000,29/06/2025,1000.00,3600,,400,100
308,11/06/2025,PLA/C25-000302,assinado,KLAH,DRE GUAZZELLI,LiLi Club Vila Madalena. São Paulo. SP,29/06/2025,colocado,,5000,5000,,,,11/06/2025,2000,25/06/2025,3000,,,4500,,500,125
309,30/05/2025,PLA/C25-000274,assinado,VICTOR HUGO,DRE GUAZZELLI,Vila Aragon //Collab// São Paulo. SP,04/07/2025,,,8300,8000,,300,,30/05/2025,4300,27/06/2025,4000,,,6400,,1600,400
310,07/01/2025,PLA/C25-000002,assinado,KLAH,DEEFT,Sairé Alter do Chão @ Barrudada Tropical Hotel. Santarém. PA.,05/07/2025,,,2700,2500,200,,,10/01/2025,625.5,25/02/2025,625,30/06/2025,1449.50,2000,,500,125
311,07/01/2025,PLA/C25-000201,enviado,KLAH,GREG,Tropical Vibez @ Barrudada Tropical Hotel. Santarém. PA,05/07/2025,,,2700,2500,200,,,10/01/2025,625,25/02/2025,625,30/06/2025,1450.00,2000,,500,125
312,13/05/2025,PLA/C25-000223,assinado,BONET,ETTA,WE LOVE BH @ Mercado de Origem. Belo Horizonte. MG,05/07/2025,,,5000,5000,,,,13/05/2025,1000,01/07/2025,4000,,,4000,,1000,250
313,14/05/2025,PLA/C25-000231,assinado,PEDRO,CAROL SEUBERT,Winter Lounge - Campos do Jordão. SP,05/07/2025,,,2000,2000,,,,20/05/2025,1000,20/06/2025,1000,,,1600,,400,60
314,21/05/2025,PLA/C25-000252,assinado,PEDRO,SCORZ,Undertech Festival @ Valparaíso Adventure Park. Paço do Lumiar. MA,05/07/2025,,,3150,3000,150,,,25/05/2025,1575,25/06/2025,1575,,,2400,,600,90
315,06/06/2025,PLA/C25-000286,enviado,PEDRO,RAGIE BAN,Valley @ Espaço Olhos d'Água. Franca. SP,05/07/2025,,,4150,4000,150,,,10/06/2025,1245,20/06/2025,2905,,,3200,,800,
316,10/06/2025,PLA/C25-000295,enviado,BONET,FANCY INC,Lumen Stage. Gramado. RS,05/07/2025,,,15000,15000,,,,11/06/2025,3000,01/07/2025,12000,,,12000,,3000,
317,27/05/2025,PLA/C25-000263,assinado,PEDRO,CAROL FÁVERO,Evidence @ Varanda Estaiada. São Paulo. SP,06/07/2025,,,3000,3000,,,,03/06/2025,700,16/06/2025,1200,25/06/2025,1100.00,2400,,600,90
318,29/05/2025,USD/C25-000013,assinado,KLAH,BIGFETT,ZenFreak Entertainment @ TBC - Mumbai. IN (11.12 e 13),11/07/2025,,usd,3600,3300,300,,,15/06/2025,usd 1800,03/07/2025,usd 1800,,,2640,,660,165
319,30/05/2025,PLA/C25-000271,assinado,KLAH,NICOLAU MARINHO,U-Nite Flow @ Centro Cultural Cais do Sertão. Recife. PE,11/07/2025,,,3100,3000,100,,,03/06/2025,620,09/07/2025,2480,,,2400,,600,150
320,11/03/2025,PLA/C25-000069,assinado,JOTTA,SOUTH BIRDS ,SUNSENT @ EMM'S BAR. São Gabriel do Oeste. MS,12/07/2025,,,9200,8000,200,,1000,12/03/2025,2700,24/03/2025,3000,05/05/2025,3500.00,6400,,1600,400
321,17/01/2025,PLA/C25-000021,assinado,KLAH,GREG,Abstract Festival @ Passeio das Águas Shopping. Goiânia. G,12/07/2025,,,1600,2500,100,,,25/05/2025,1250,02/07/2025,1250,09/07/2025,100.00,2000,,500,125
322,17/01/2025,PLA/C25-000022,assinado,KLAH,RAGIE BAN,Abstract Festival @ Passeio das Águas Shopping. Goiânia. G,12/07/2025,,,1600,1500,100,,,25/05/2025,750,02/07/2025,750,09/07/2025,100.00,1200,,300,75
323,22/04/2025,PLA/C25-000164,assinado,PEDRO,OWNBOSS,Natal Beats @ Malca Club. Natal. RN,12/07/2025,,,12300,12000,300,,,22/04/2025,9700,14/05/2025,2600,,,9600,,2400,360
324,07/04/2025,PLA/C25-000214,assinado,BONET,MOSER,FLOAT Label / Barra Velha - SC @ Miguel Restaurante e Bar. Barra Velha. SC,12/07/2025,colocado,,2500,2500,,,,14/05/2025,500,04/07/2025,2000,,,2000,,500,125
325,13/06/2025,,enviado,KLAH,ETTA,AirMusicbsb @ Espaço Infinity Eventos e Infinity Hair Salão Boutique. Brasília. DF,12/07/2025,,,3200,3000,200,,,16/06/2025,640,10/07/2025,2560,,,2400,,600,150
326,04/04/2025,PLA/C25-000142,assinado,PEDRO,OWNBOSS,Festa Wow @ Marina Park Hotel. Fortaleza. CE,19/07/2025,,,12300,12000,300,,,20/04/2025,3690,09/07/2025,8610,,,9600,,2400,360
327,07/05/2025,PLA/C25-000211,assinado,JOTTA,RAGIE BAN,Pico do Piripau. Cambuquira. MG,19/07/2025,,,4100,4000,100,,,23/06/2025,1230,09/07/2025,2870,,,3200,,800,200
328,13/05/2025,PLA/C25-000228,assinado,BONET,MOSER,FORMATURA Medicina @ Jardín Del Mar. Florianópolis. SC,19/07/2025,,,5000,5000,,,,16/05/2025,1000,15/07/2025,4000,,,4000,,1000,250
329,12/05/2025,EUR/C25-000007,assinado,KLAH,BIGFETT,Alees World’s 1-Year Anniversary (19/07/2025) @ Flamingo Golf Course. Monastir. TN,19/07/2025,colocado,euro,2750,2750,,,,13/05/2025,euro 1447,05/07/2025,euro 1303,,,2200,,550,137.5
330,30/04/2025,PLA/C25-000192,assinado,PEDRO,OWNBOSS,Ephigenia. São Paulo. SP,25/07/2025,,,15000,15000,,,,24/04/2025,7500,10/05/2025,7500,,,12000,,3000,450
331,05/05/2025,PLA/C25-000208,enviado,PEDRO,CAROL SEUBERT,Duck Session @ Duke Bistrot. Campinas. SP,25/07/2025,,,3000,3000,,,,06/05/2025,900,06/06/2025,2100,,,2400,,600,90
332,09/05/2025,PLA/C25-000219,enviado,VICTOR HUGO,BINARYH,Le Club SP. São Paulo. SP,25/07/2025,,,6000,6000,,,,09/05/2025,3000,18/07/2025,3000,,,4800,,1200,300
333,27/05/2025,PLA/C25-000264,assinado,PEDRO,SILVER PANDA,Ephigenia. São Paulo. SP,25/07/2025,,,8000,8000,,,,30/05/2025,4000,20/07/2025,4000,,,6400,,1600,240
334,10/06/2025,PLA/C25-000293,enviado,PEDRO,MISS NATÁLIA,Meet Club. Goiania. GO,25/07/2025,,,4150,4000,150,,,15/06/2025,1245,15/07/2025,2905,,,3200,,800,
335,22/05/2025,PLA/C25-000259,assinado,PEDRO,DRE GUAZZELLI,Air Dance @ Monte Serrat. Santos. SP,26/07/2025,,,4000,3000,,1000,,05/06/2025,2000,20/07/2025,2000,,,2400,,600,90
336,27/04/2025,PLA/C25-000183,assinado,PEDRO,BRUNO MARTINI,Casamento Rafael e Júlia @ Lucas do Rio Verde. Lucas do Rio Verde. MT,26/07/2025,,,40300,40000,300,,,07/05/2025,16000,10/07/2025,24300,,,32000,,8000,1200
337,30/04/2025,PLA/C25-000202,assinado,PEDRO,CAROL FÁVERO,Aloha Salinas. Salinópolis. PA,26/07/2025,,,4150,4000,150,,,05/05/2025,1245,16/07/2025,2905,,,3200,,800,120
338,30/04/2025,PLA/C25-000189,assinado,CORAL,SILVER PANDA,Session. Caucaia - Praia do Cumbuco. CE,26/07/2025,,,10200,10000,200,,,08/05/2025,2040,24/06/2025,8160,,,8000,,2000,
339,02/04/2025,PLA/C25-000117,assinado,CORAL,SILVIO SOUL,Ministry of Sound - Silvio + Duh Project,01/08/2025,,GPB,3000,3000,,,,14/07/2025,GPB 3000,,,,,2400,,600,
340,10/06/2025,PLA/C25-000297,enviado,PEDRO,RAGIE BAN,Mustache Crew @ Hangar Userfly. Campinas. SP,01/08/2025,,,3500,3500,,,,15/06/2025,1050,20/07/2025,2450,,,2800,,700,
341,04/04/2025,PLA/C25-000133,assinado,KLAH,OWNBOSS,Open Winter @ REPRESA SENDESKI. Iguaraçu. PR,02/08/2025,,,20300,20000,300,,,14/04/2025,2000,24/07/2025,18300,,,16000,,4000,1000
342,19/05/2025,PLA/C25-000249,assinado,PEDRO,DRE GUAZZELLI,Cafe de la musique @ Casa do Valle - Hotel Boutique & Eventos. Chapada dos Guimarães. MT,02/08/2025,,,7300,6000,300,,1000,20/06/2025,2190,20/07/2025,5110,,,4800,,1200,180
343,01/04/2025,PLA/C25-000203,enviado,KLAH,NICOLAU MARINHO,Club Vibe. Curitiba. PR,08/08/2025,colocado,,3000,2726.77,,273.23,433.5,05/08/2025,3000,,,,,2181.42,,545.35,136.34
344,21/05/2025,PLA/C25-000256,assinado,KLAH,RAGIE BAN,Sixx House. São José. SC,08/08/2025,,,3100,3000,100,,,11/06/2025,620,06/08/2025,2480,,,2400,,600,150
345,23/04/2025,PLA/C25-000168,assinado,KLAH,NICOLAU MARINHO,Amnésia@CAVAN77. Ponta Grossa. PR,09/08/2025,colocado,,3100,2712.15,100,287.85,,24/04/2025,1200,06/08/2025,1900,,,2790,,620,67.8
346,07/04/2025,PLA/C25-000134,assinado,VICTOR HUGO,DRE GUAZZELLI,Casamento Paula & Lair @ Palácio dos Cedros. São Paulo. SP,09/08/2025,,,14800,12000,2500,300,,07/04/2025,9000,09/05/2025,4350,09/06/2025,4350.00,13320,,1480,600
347,05/06/2025,PLA/C25-000284,enviado,PEDRO,GREG,Arcárdia @ Muriaé. Muriaé. MG,09/08/2025,,,4150,4000,150,,,20/06/2025,1245,25/07/2025,2905,,,,,,
348,12/06/2025,PLA/C25-000305,enviado,BONET,MISS NATÁLIA,FEIJUCA DO LAGO @ Hotel Lago Dourado. Dois Vizinhos. PR,09/08/2025,,,3500,3500,,,,13/06/2025,700,05/08/2025,2800,,,,,,
349,01/04/2025,PLA/C25-000115,assinado,JOTTA,RAGIE BAN,Carpe Beach @ Praia Artificial de Miguelópolis. SP,10/08/2025,,,5100,5000,100,,,05/08/2025,5100,,,,,4000,,1000,250
350,07/04/2025,PLA/C25-000137,assinado,JOTTA,BINARYH,Warung Tour Sinop @ Ghizoni Centro de Eventos. Sinop. MT,16/08/2025,,,8200,8000,200,,,12/06/2025,8000,10/08/2025,200,,,6400,,1600,400
351,06/06/2025,PLA/C25-000289,assinado,JOTTA,NICOLAU MARINHO,B-Day Hyago Costta @ AquaShow. Rio de Janeiro. RJ,16/08/2025,colocado,,2300,2300,,,,09/05/2025,460,12/06/2025,460,11/08/2025,1380.00,1840,,460,115
352,11/06/2025,PLA/C25-000301,enviado,PEDRO,MISS NATÁLIA,Festa Bueno @ Mineiros. Mineiros. GO,16/08/2025,,,4150,4000,150,,,10/06/2025,2000,10/08/2025,2150,,,,,,200
353,21/05/2025,PLA/C25-000255,enviado,KLAH,NICOLAU MARINHO,Sixx House. São José. SC,22/08/2025,,,2900,2800,100,,,21/05/2025,580,20/08/2025,2320,,,2240,,560,140
354,30/04/2025,USD/C25-000010,assinado,JOTTA,RAGIE BAN,Lost in the Jungle @ Coconuts. Matola. MZ - USD 3000,23/08/2025,,usd,3000,3000,100,,,23/05/2025,usd 600,13/08/2025,usd 2400,,,2400,,600,150
355,05/06/2025,PLA/C25-000285,enviado,BONET,OWNBOSS,SKYFALL Gastrobar. Chapecó. SC,23/08/2025,,,20000,20000,,,,06/06/2025,2000,19/08/2025,16000,,,16000,,4000,1000
356,14/05/2025,PLA/C25-000230,enviado,PEDRO,ETTA,Dogz Parade - São Paulo @ São Paulo. São Paulo. SP,23/08/2025,,,2950,2500,450,,,10/06/2025,885,13/08/2025,2065,,,2000,,500,75
357,19/03/2025,PLA/C25-000083,assinado,JOTTA,RAGIE BAN,On Bass @ Porão do Alemão - Boa Vista. Boa Vista. RR,30/08/2025,,,3600,3500,100,,,25/03/2025,1050,22/08/2025,2550,,,2800,,700,175
358,10/06/2025,PLA/C25-000296,enviado,PEDRO,BIGFETT,Liv Club. Belém. PA,30/08/2025,,,4150,4000,150,,,20/06/2025,1245,20/08/2025,2905,,,3200,,800,200
359,10/06/2025,PLA/C25-000294,enviado,BONET,OWNBOSS,Lumen Stage. Gramado. RS,05/09/2025,,,20000,20000,,,,11/06/2025,4000,02/09/2025,16000,,,16000,,4000,1000
360,02/04/2025,PLA/C25-000118,enviado,JOTTA,RAGIE BAN,Park Art @ Park.Art. Pinhais. PR,06/09/2025,,,3100,3000,100,,,02/09/2025,3100,,,,,2400,,600,150
361,21/05/2025,PLA/C25-000253,assinado,BONET,OWNBOSS,BOT Bar. Caxias do Sul. RS,06/09/2025,,,12000,12000,,,,22/05/2025,2400,01/09/2025,9600,,,9600,,2400,600
362,29/05/2025,PLA/C25-000269,enviado,JOTTA,VOLAC,Gruuvity @ Cuiabá @ Clube Monte Líbano. Cuiabá. MT,06/09/2025,,,12300,12000,300,,,29/05/2025,2400,09/09/2025,9900,,,9600,,2400,600
363,16/05/2025,PLA/C25-000241,enviado,JOTTA,RAGIE BAN, ECO Music @ Espaço Santa Uzina. Ribeirão Preto. SP,07/09/2025,,,5100,5000,100,,,13/06/2025,1020,02/09/2025,4080,,,4000,,1000,250
364,30/05/2025,PLA/C25-000275,assinado,JOTTA,VOLAC, ECO Music @ Espaço Santa Uzina. Ribeirão Preto. SP,07/09/2025,,,10300,10000,300,,,13/06/2025,2000,02/09/2025,8300,,,8000,,2000,500
365,04/04/2025,PLA/C25-000132,enviado,KLAH,OWNBOSS,DREAM LAND FESTIVAL @ Pavilhão de Exposições do Parque da Cidade. Brasília. DF,13/09/2025,,,20200,2000,200,,,10/04/2025,4000,30/07/2025,16200,,,1600,,400,100
366,13/06/2025,PLA/C25-000309,enviado,BONET,BIGFETT,MYSTICA WORLD / Santa Maria - RS @ Eventual. Santa Maria. RS,13/09/2025,,,4500,4500,,,,16/06/2025,900,09/09/2025,3600,,,3600,,900,225
367,09/05/2025,PLA/C25-000221,assinado,JOTTA,RAGIE BAN,Low Game @ FAZENDA MARYLAND EVENTOS. Rio de Janeiro. RJ,20/09/2025,,,5100,5000,100,,,08/06/2025,1020,10/09/2025,4080,,,4000,,1000,250
368,15/05/2025,PLA/C25-000233,enviado,JOTTA,GREG,Low Game @ FAZENDA MARYLAND EVENTOS. Rio de Janeiro. RJ,20/09/2025,,,2600,2500,100,,,08/06/2025,520,10/09/2025,2080,,,2000,,500,125
369,15/05/2025,PLA/C25-000234,enviado,JOTTA,NICOLAU MARINHO,Low Game @ FAZENDA MARYLAND EVENTOS. Rio de Janeiro. RJ,20/09/2025,,,2500,2500,,,,08/06/2025,500,10/09/2025,2000,,,2000,,500,125
370,28/05/2025,PLA/C25-000268,enviado,JOTTA,VOLAC,Low Game @ FAZENDA MARYLAND EVENTOS. Rio de Janeiro. RJ,20/09/2025,,,13000,13000,,,,08/06/2025,2600,10/09/2025,10400,,,10400,,2600,325
371,30/04/2025,PLA/C25-000204,assinado,VICTOR HUGO,DRE GUAZZELLI,Casamento de Andressa & Bruno // Collab //  @ Castelo dos Vinhais. Vinhedo. SP,21/09/2025,,,6800,6000,,800,,02/05/2025,1700,11/06/2025,1700,01/07/2025,3400.00,5400,,600,300
372,04/04/2025,PLA/C25-000126,assinado,JOTTA,RAGIE BAN,Tropicadelia @ Parque Ney Braga Eventos. Londrina. PR,27/09/2025,,,5200,5000,200,,,15/05/2025,1000,17/07/2025,4200,,,4000,,1000,250
373,02/04/2025,PLA/C25-000119,enviado,JOTTA,FANCY INC,Champagne Sunset @ Casarão Alto Mucugê. Porto Seguro. BA,11/10/2025,,,12200,12000,200,,,11/08/2025,3600,05/10/2025,8600,,,9600,,2400,600
374,30/05/2025,PLA/C25-000282,assinado,PEDRO,RAGIE BAN,Vegas Party @ Dracena. SP.,25/10/2025,,,5150,5000,150,,,09/06/2025,1545,20/10/2025,3605,,,4000,,1000,150
375,07/01/2025,PLA/C25-000005,assinado,KLAH,CAROL FÁVERO,Halloween @ Barrudada Tropical Hotel. Santarém. PA.,01/11/2025,,,7200,7000,200,,,10/01/2025,1500,25/02/2025,1750,28/10/2025,3950.00,5600,,1400,350
376,21/05/2025,PLA/C25-000254,assinado,VICTOR HUGO,DRE GUAZZELLI,Casamento Marilia & Felipe // Collab // @ Pátio Welucci. São Paulo. SP,01/11/2025,,,12350,12000,,350,,23/05/2025,12350,,,,,10800,,1200,300
377,13/05/2025,PLA/C25-000227,assinado,PEDRO,RAGIE BAN,Star Light @ Arena BRB Mané Garrincha. Brasília. DF,08/11/2025,,,2100,2000,100,,,20/05/2025,420,20/10/2025,1680,,,1600,,400,60
378,02/04/2025,PLA/C25-000107,enviado,KLAH,RAGIE BAN,Prime @ Mont Serrah Garden. Maringá. PR,15/11/2025,,,5100,5000,100,,,06/05/2025,1000.2,12/11/2025,4099.8,,,4000,,1000,250
379,09/05/2025,PLA/C25-000222,enviado,PEDRO,RAGIE BAN,Diixxtrava @ Live Curitiba. Curitiba. PR,19/11/2025,,,5150,5000,150,,,15/05/2025,2060,25/10/2025,3090,,,4000,,1000,150
380,27/05/2025,PLA/C25-000266,assinado,PEDRO,RAGIE BAN,Tusca @ São Carlos. São Carlos. SP,20/11/2025,,,5150,5000,150,,,05/06/2025,1545,10/11/2025,3605,,,4000,,1000,150
381,17/03/2025,PLA/C25-000079,assinado,VICTOR HUGO,DRE GUAZZELLI,Casamento Ana Beatriz // Collab // Av. Morumbi,22/11/2025,,,10000,10000,,,,18/03/2025,4000,22/07/2025,2000,22/09/2025,4000.00,9000,,1000,500
382,13/06/2025,PLA/C25-000310,enviado,PEDRO,ETTA,House Valley @ House Valley. Taubaté. SP,20/12/2025,,,5500,5500,,,,28/07/2025,1650,10/12/2025,3850,,,4950,,550,
383,07/01/2025,PLA/C25-000004,assinado,KLAH,NICOLAU MARINHO,Natal Boiler @  Barrudada Tropical Hotel. Santarém. PA,24/12/2025,,,4200,4000,200,,,10/01/2025,1000,25/02/2025,1000,15/12/2025,2200.00,3200,,800,200
384,30/04/2025,PLA/C25-000193,assinado,PEDRO,RAGIE BAN,Gaia Festival @ Ibiporã. PR.,24/12/2025,,,7150,7000,150,,,10/08/2025,2145,14/12/2025,5005,,,5600,,1400,210
385,16/05/2025,PLA/C25-000244,assinado,JOTTA,DRE GUAZZELLI,Réveillon Forte Noronha @ Forte Noronha. Fernando de Noronha. PE,29/12/2025,,,10200,10000,200,,,15/06/2025,1020,15/09/2025,2040,15/10/2025,7140.00,8000,,2000,500
386,19/05/2025,PLA/C25-000250,assinado,JOTTA,SOUTH BIRDS ,Réveillon Forte Noronha @ Forte Noronha. Fernando de Noronha. PE,29/12/2025,,,20200,20000,200,,,15/06/2025,2020,15/09/2025,4040,15/10/2025,14140.00,16000,,4000,1000
387,11/06/2025,PLA/C25-000304,enviado,PEDRO,ETTA,The Beach Island @ Praia do Vitorino - Angra dos Reis. RJ,30/12/2025,,,18000,18000,,,,15/08/2025,5400,15/12/2025,12600,,,14400,,3600,900
388,11/06/2025,PLA/C25-000303,enviado,PEDRO,OWNBOSS,Reveillon Viva Laguna @ Laguna. Laguna. SC,31/12/2025,,,35000,35000,,,,10/10/2025,10500,10/12/2025,24500,,,28000,,7000,1750
389,13/06/2025,PLA/C25-000308,enviado,PEDRO,PITHMAN,Reveillon Vegas @ Dracena. Dracena. SP,31/12/2025,,,5150,5000,150,,,09/08/2025,1545,15/12/2025,3605,,,4000,,1000,250
390,13/06/2025,PLA/C25-000311,enviado,PEDRO,OWNBOSS,Reveillon Mar del Rosa @ Praia do Rosa. SC,31/12/2025,,,35000,35000,,,,17/06/2025,10500,15/12/2025,24500,,,28000,,7000,1750
391,13/06/2025,PLA/C25-000307,enviado,BONET,OWNBOSS,P12 Jurerê @ P12 Jurerê - Parador 12. Florianópolis. SC,03/01/2026,,,25000,25000,,,,03/10/2025,15000,15/12/2025,10000,,,20000,,5000,1250
392,06/06/2025,PLA/C25-000287,enviado,JOTTA,SOUTH BIRDS ,Aniversário 15 anos Bárbara @ Casa da Contratante. Barueri. SP,31/01/2026,,,20000,20000,,,,13/06/2025,4000,09/08/2025,4000,09/10/2025,4000.00,16000,,4000,1000
393,25/04/2025,PLA/C25-000171,assinado,VICTOR HUGO,DRE GUAZZELLI,Casamento Andrea e Felipe// Collab // @ Fazenda Santa Barbara. Itatiba. SP,28/03/2026,colocado,,16000,13000,2500,500,,29/04/2025,1370,16/05/2025,1330,15/06/2025,13300.00,11700,,1300,325
394,17/04/2025,PLA/C25-000174,enviado,JOTTA,MISS NATÁLIA,Aniversário 15 anos Carolina @ Casa Vetro. Porto Alegre. RS,11/04/2026,,,10200,10000,200,,,28/04/2025,2000,11/03/2026,8200,,,8000,,2000,250
395,02/04/2025,PLA/C25-000121,assinado,VICTOR HUGO,DRE GUAZZELLI,Casamento Nara e Lucas @ Villa Della Luce Eventos. Itu. SP,23/05/2026,,,13000,13000,,,,04/04/2025,6500,16/05/2026,6500,,,11700,,1300,650